名称,x,y,yaw,播报
A街·出发区,-4.20,1.80,0.0000,从出发区起步 沿 A 街向东
A街·站房仪表,-3.30,1.70,-1.5708,站房前 读取北面两块仪表读数
A街·楼宇A火点,-3.20,1.95,1.5708,A 座楼前 识别 3 处火灾隐患窗
A街·垃圾桶与人群,-2.00,1.70,-1.5708,垃圾桶前 识别 4 桶投放状态 并清点南侧人偶
A街·红灯等待线,-0.90,1.80,0.0000,到达 A 街红绿灯等待线前 识别灯色后通过
A街·红绿灯,1.10,1.80,1.5708,红绿灯杆下 确认灯色 红 绿 黄 循环
A街·电动车停车区,1.80,1.75,-1.5708,中轴服务带东段 识别 8 正常 + 2 倒伏电动车
A街·楼宇B火点,2.90,1.85,1.5708,B 座楼前 识别 5 处火灾隐患窗
A街·违停电动车,3.35,1.95,-1.5708,识别 A 街车道内 2 辆违停电动车 绕行
A街·车牌,3.80,1.40,-1.5708,识别 3 辆车牌 车头朝 +y 自 A 街俯视
A街·泊车位,4.45,2.25,1.5708,A 街东端泊车位 准备泊车入位
过路·东段回程,3.60,1.85,0.0000,
过路·A街西行,1.60,1.85,0.0000,
过路·连接路北口,0.30,1.30,0.0000,
连接路·中段,0.00,0.00,-1.5708,进入连接路 转向 B 街
过路·连接路南口,0.00,-1.30,0.0000,
过路·B街东行,1.80,-1.80,0.0000,
B街·楼宇D火点,2.90,-1.80,-1.5708,D 座楼前 识别 2 处火灾隐患窗
B街·温度面板,3.52,-1.90,-1.5708,读取 D 座 2 楼温度面板 68 摄氏度
过路·B街返程,1.00,-1.80,0.0000,
B街·人群,-0.90,-1.80,1.5708,B 街北侧人偶 清点人数
B街·楼宇C火点,-3.20,-1.80,-1.5708,C 座楼前 识别 2 处火灾隐患窗
B街·西端,-4.30,-1.80,3.1416,B 街西端 经西通道返回
过路·西通道中段,-4.50,-0.50,1.5708,
返回·出发区,-4.20,1.80,0.0000,巡检结束 返回出发区
