分类,场地元素,位置/规格,对应赛项
地面标线,车道虚线/路缘实线/出发横线/等待线/斑马线/车位框,A街B街中心虚线 y=±1.8; 出发横线 x=-4.20; 等待线 x=-0.75、+0.75,场景搭建
围界,四周围墙 (0.06×0.55m),"x=±5.00, y=±3.60",场景搭建 / 建图边界
楼宇 A,3 处火灾隐患窗 (1F/2F),"中心(-3.20, 3.10), 正面朝 A 街",楼宇火灾识别 4分
楼宇 B,5 处火灾隐患窗,"中心(2.90, 3.10), 正面朝 A 街",楼宇火灾识别 4分
楼宇 C,2 处火灾隐患窗,"中心(-3.20,-3.10), 正面朝 B 街",楼宇火灾识别 4分
楼宇 D,2楼高温窗 + 异常温度牌 68℃,"中心(2.90,-3.10), 正面朝 B 街",楼宇异常温度 10分
站房 + 仪表,2 块仪表: 读数 01357 / 24680,"站房中心(-3.30,0.55), 仪表在其北面 y=0.815",站房仪表读取 7分×2
人偶立牌 (A街),8 人，其中 2 人为外来人员(橙色),A街北侧 y=2.50 四具; A街南侧 y=1.10 四具,人群数量识别 6分/街区
人偶立牌 (B街),8 人，全部为社区人员,B街北侧 y=-1.10 四具; B街南侧 y=-2.50 四具,人群数量识别 6分/街区
垃圾桶 ×4,可回收(关) / 有害(开·投放正确) / 厨余(开·投放错误) / 其他(关),"中轴服务带 y=0.85, x=-2.30~-1.40, 贴纸朝 A 街",垃圾桶状态识别 10分
指示牌 ×6,限速30 / 禁止直行 / 左转 / 人行横道 / 禁止驶入 / 右转,沿途分布在 A 街与 B 街路侧,指示牌识别与响应 10分
电动车停车区,"8 辆正常 + 2 辆倒伏 (x 1.15~2.45, y=±0.55)",中轴服务带东段,电动车状态识别 6分
电动车违停,"A 街区 2 辆违停 (2.75,1.35)(3.15,1.35)；B 街区 0 辆",停在 A 街车道上,电动车状态识别 4分
停车场 + 3 辆车,车牌 苏E·12345 / 苏E·67890 / 苏E·A8888,"车位 x=3.25/3.80/4.35, y=-0.35, 车头朝 +y",车辆车牌识别 4分×3
