# Planned 4.2 m centre-line route; 33-goal odom/LiDAR patrol and camera signal gating were tested in Gazebo.
名称,x,y,yaw,播报
过路01,1.000,1.800,3.14159,
TL_UP_WAIT,0.800,1.800,3.14159,到达观察位，识别结果待视觉节点确认
过路02,0.000,1.800,3.14159,
PEOPLE_A,-0.800,1.800,-1.57080,到达观察位，识别结果待视觉节点确认
过路03,-1.600,1.800,3.14159,
过路04,-1.800,1.800,-1.57080,
过路05,-1.800,1.000,-1.57080,
SIGN_WEST,-1.800,0.800,0.00000,到达观察位，识别结果待视觉节点确认
过路06,-1.800,0.000,-1.57080,
BUILDING_D,-1.800,-0.800,0.00000,到达观察位，识别结果待视觉节点确认
过路07,-1.800,0.000,1.57080,
过路08,-1.800,0.600,0.00000,
过路09,-1.000,0.600,0.00000,
PEOPLE_B,-0.800,0.600,-1.57080,到达观察位，识别结果待视觉节点确认
BUILDING_A,-0.400,0.600,0.00000,到达观察位，识别结果待视觉节点确认
过路10,0.000,0.600,-1.57080,
BINS,0.000,0.000,3.14159,到达观察位，识别结果待视觉节点确认
TL_LOW_WAIT,0.000,-0.200,-1.57080,到达观察位，识别结果待视觉节点确认
过路11,0.000,-1.000,-1.57080,
BUILDING_C,0.000,-1.200,0.00000,到达观察位，识别结果待视觉节点确认
过路12,0.000,-1.800,3.14159,
STATION_GAUGES,-0.600,-1.800,1.57080,到达观察位，识别结果待视觉节点确认
过路13,0.200,-1.800,0.00000,
过路14,1.000,-1.800,0.00000,
CAR_1,1.200,-1.800,0.00000,到达观察位，识别结果待视觉节点确认
过路15,1.200,-1.800,1.57080,
CAR_2,1.200,-1.200,0.00000,到达观察位，识别结果待视觉节点确认
CAR_3,1.200,-0.600,0.00000,到达观察位，识别结果待视觉节点确认
BUILDING_B,1.200,0.000,3.14159,到达观察位，识别结果待视觉节点确认
EBIKES,1.200,0.600,0.00000,到达观察位，识别结果待视觉节点确认
过路16,1.200,1.400,1.57080,
过路17,1.200,1.800,0.00000,
RETURN,1.800,1.800,3.14159,返回起终点
