名称,x,y,yaw,说明
出发点回望,-4.20,1.80,0.0000,建图起点（与出生点 -4.60,1.80 同排）
楼宇A-站房,-3.30,1.90,0.0000,A座火点窗(北)+站房仪表(南)同 x 站位
垃圾桶,-1.85,1.65,0.0000,中轴服务带垃圾桶 y=0.85 贴纸朝A街
红灯等待线,-0.90,1.80,0.0000,A街等待线 x=-0.75 西侧
红绿灯,1.10,1.80,0.0000,TL_sq_tl_1 杆位 (1.10,2.62)
楼宇B,2.90,1.80,0.0000,B座5处火点窗
停车区-违停,3.35,1.95,0.0000,违停电动车 (2.75/3.15,1.35)
泊车位,4.45,2.25,0.0000,A街东端车位框 (4.45,2.45~2.80)
东段回程,3.60,1.85,0.0000,返程点（避免斜插进违停电动车群）
A街西行,1.60,1.85,0.0000,A街中线西行
连接路北口,0.30,1.30,0.0000,进入连接路 x∈[-0.6,0.6]
连接路中段,0.00,0.00,0.0000,连接路中点
连接路南口,0.00,-1.30,0.0000,出到B街
B街东行,1.80,-1.80,0.0000,B街中线东行
楼宇D,2.90,-1.80,0.0000,D座2处火点窗
D座温度面板,3.52,-1.90,0.0000,bld_D_temp (3.52,-2.746) 读 68℃
B街中段,1.00,-1.80,0.0000,B街返程
B街西行,-1.80,-1.80,0.0000,B街中线西行
楼宇C,-3.20,-1.80,0.0000,C座2处火点窗
B街西端,-4.30,-1.80,0.0000,B街西端（与西通道交汇）
西通道中段,-4.50,-0.50,0.0000,站房西侧通道（西墙内侧）
西通道北口,-4.50,0.90,0.0000,西通道上口
返回出发区,-4.20,1.80,0.0000,闭环回到出发区
