# Directed engineering route from rules p3; runtime acceptance is recorded separately.
名称,x,y,yaw,播报
TL_UP_WAIT,0.800,1.800,3.14159,观察并保存图像
PEOPLE_A_TOP_R,0.000,1.800,-2.11000,观察并保存图像
EBIKES_A,-0.400,1.800,-0.91100,观察并保存图像
PEOPLE_A_TOP_L,-1.200,1.800,-1.57080,观察并保存图像
过路01,-1.800,1.800,-1.57080,
PEOPLE_A_WEST_N,-1.800,1.400,0.00000,观察并保存图像
PEOPLE_A_WEST_S,-1.800,1.000,0.00000,观察并保存图像
SIGN_WEST,-1.800,0.400,-0.34302,观察并保存图像
PEOPLE_B_WEST_N,-1.800,0.200,0.00000,观察并保存图像
PEOPLE_B_WEST_S,-1.800,-0.200,0.00000,观察并保存图像
BUILDING_D,-1.800,-1.000,0.00000,观察并保存图像
过路02,-1.800,-1.800,0.00000,
STATION_GAUGES,-0.600,-1.800,1.57080,观察并保存图像
CAR_1,1.200,-1.800,0.00000,观察并保存图像
CAR_2,1.200,-1.200,0.00000,观察并保存图像
BINS_LOW,1.200,-1.200,3.14159,观察并保存图像
BINS_HIGH,1.200,-0.800,3.14159,观察并保存图像
CAR_3,1.200,-0.600,0.00000,观察并保存图像
BUILDING_B,1.200,0.000,3.14159,观察并保存图像
EBIKES_LOW,1.200,0.000,0.00000,观察并保存图像
EBIKES_MID,1.200,0.600,0.00000,观察并保存图像
EBIKES_HIGH,1.200,1.200,0.00000,观察并保存图像
过路03,1.200,1.800,3.14159,
TL_UP_WAIT_2,0.800,1.800,3.14159,观察并保存图像
过路04,0.000,1.800,3.14159,
过路05,-1.800,1.800,-1.57080,
过路06,-1.800,0.600,0.00000,
PEOPLE_A_SOUTH_L,-1.200,0.600,1.57080,观察并保存图像
PEOPLE_B_NORTH_L,-1.200,0.600,-1.57080,观察并保存图像
PEOPLE_A_SOUTH_R,-0.600,0.600,1.57080,观察并保存图像
PEOPLE_B_NORTH_R,-0.600,0.600,-1.57080,观察并保存图像
BUILDING_A,-0.400,0.600,0.00000,观察并保存图像
PEOPLE_B_EAST_HIGH,0.000,0.600,-2.53100,观察并保存图像
PEOPLE_B_EAST,0.000,0.200,3.14159,观察并保存图像
BUILDING_C,0.000,0.000,-0.71883,观察并保存图像
TL_LOW_WAIT,0.000,-0.200,-1.57080,观察并保存图像
过路07,0.000,-1.200,-1.57080,
过路08,0.000,-1.800,0.00000,
过路09,1.200,-1.800,1.57080,
过路10,1.200,1.800,0.00000,
RETURN,1.800,1.800,3.14159,返回终点
