task_id,grid_x,grid_y,gazebo_x_m,gazebo_y_m,yaw_rad,model_id,asset_id,purpose
TL_UP_WAIT,14,19,0.800,1.800,3.14159,sq4_tl_upper,light,first upper red-to-green gate
PEOPLE_A_TOP_R,10,19,0.000,1.800,-2.11000,sq4_person_03,people,"A north-facing portraits, diagonal right view clear of standee backs"
EBIKES_A,8,19,-0.400,1.800,-0.91100,sq4_ebike_11,ebikes,diagonal view of A street parking violations
PEOPLE_A_TOP_L,4,19,-1.200,1.800,-1.57080,sq4_person_01,people,"A north-facing portraits, left view"
PEOPLE_A_WEST_N,1,17,-1.800,1.400,0.00000,sq4_person_08,people,"A west-facing portraits, north view"
PEOPLE_A_WEST_S,1,15,-1.800,1.000,0.00000,sq4_person_07,people,"A west-facing portraits, south view"
SIGN_WEST,1,12,-1.800,0.400,-0.34302,sq4_sign_speed30,sign,sign at B northwest corner; interchangeable label
PEOPLE_B_WEST_N,1,11,-1.800,0.200,0.00000,sq4_person_15,people,"B west-facing portraits, north view"
PEOPLE_B_WEST_S,1,9,-1.800,-0.200,0.00000,sq4_person_14,people,"B west-facing portraits, south view"
BUILDING_D,1,5,-1.800,-1.000,0.00000,sq4_building_D,win_hot,D west facade and temperature target
STATION_GAUGES,7,1,-0.600,-1.800,1.57080,sq4_station,gauges,station south-facing gauges
CAR_1,16,1,1.200,-1.800,0.00000,sq4_car_1,plate_blue,west-facing bay 1 plate
CAR_2,16,4,1.200,-1.200,0.00000,sq4_car_2,plate_yellow,west-facing bay 2 plate
BINS_LOW,16,4,1.200,-1.200,3.14159,sq4_bin_kitchen,bins,lower two east-facing bins
BINS_HIGH,16,6,1.200,-0.800,3.14159,sq4_bin_hazard,bins,upper two east-facing bins
CAR_3,16,7,1.200,-0.600,0.00000,sq4_car_3,plate_green,west-facing bay 3 plate
BUILDING_B,16,10,1.200,0.000,3.14159,sq4_building_B,win_fire,B east facade
EBIKES_LOW,16,10,1.200,0.000,0.00000,sq4_ebike_01,ebikes,lower e-bike parking
EBIKES_MID,16,13,1.200,0.600,0.00000,sq4_ebike_05,ebikes,middle e-bike parking
EBIKES_HIGH,16,16,1.200,1.200,0.00000,sq4_ebike_09,ebikes,upper e-bike parking including fallen models
TL_UP_WAIT_2,14,19,0.800,1.800,3.14159,sq4_tl_upper,light,second upper red-to-green gate
PEOPLE_A_SOUTH_L,4,13,-1.200,0.600,1.57080,sq4_person_04,people,"A south-facing portraits, left view"
PEOPLE_B_NORTH_L,4,13,-1.200,0.600,-1.57080,sq4_person_10,people,"B north-facing portraits, left view"
PEOPLE_A_SOUTH_R,7,13,-0.600,0.600,1.57080,sq4_person_06,people,"A south-facing portraits, right view"
PEOPLE_B_NORTH_R,7,13,-0.600,0.600,-1.57080,sq4_person_12,people,"B north-facing portraits, right view"
BUILDING_A,8,13,-0.400,0.600,0.00000,sq4_building_A,win_fire,A west facade
PEOPLE_B_EAST_HIGH,10,13,0.000,0.600,-2.53100,sq4_person_18,people,diagonal front view of B east-facing portraits
PEOPLE_B_EAST,10,11,0.000,0.200,3.14159,sq4_person_18,people,B east-facing portraits
BUILDING_C,10,10,0.000,0.000,-0.71883,sq4_building_C,win_fire,C facade above signal wait; no stop-line overlap
TL_LOW_WAIT,10,9,0.000,-0.200,-1.57080,sq4_tl_lower,light,lower red-to-green gate
RETURN,19,19,1.800,1.800,3.14159,sq4_zone_start_finish,none,finish via start-finish access
